sample_id,cluster_label
2,3
3,0
4,3
6,3
7,4
8,1
10,2
11,4
12,3
13,1
15,1
17,3
18,3
19,4
20,4
21,1
23,3
25,3
26,4
27,0
28,2
29,3
30,3
31,2
32,3
34,3
35,3
37,4
39,3
41,4
42,3
45,3
48,3
49,3
51,3
52,1
53,3
54,1
57,2
58,3
59,4
60,3
61,3
62,0
63,2
64,3
65,1
66,4
69,4
71,1
72,3
74,2
76,3
77,3
80,3
83,2
85,2
86,3
87,2
88,2
90,1
91,4
92,2
93,2
97,4
98,0
100,4
102,2
103,0
104,2
105,3
106,3
108,0
109,3
110,3
111,1
112,2
116,3
120,4
122,1
123,4
124,0
128,2
129,4
130,3
132,0
133,1
134,3
135,3
136,1
137,0
139,3
141,3
149,0
151,4
152,2
153,3
154,0
155,4
156,3
157,2
158,2
160,3
161,3
162,0
164,3
165,1
167,4
168,4
169,3
170,2
173,4
175,2
176,2
178,2
180,2
181,3
183,4
184,3
185,3
186,3
188,3
190,3
191,2
192,1
193,3
194,1
196,0
198,0
201,1
202,0
203,0
204,3
207,3
208,0
209,3
210,4
211,3
213,0
216,2
218,3
220,0
221,3
222,3
223,1
224,2
225,3
226,3
227,2
229,2
230,2
231,4
232,4
233,1
234,4
236,1
237,1
239,0
242,0
244,0
245,2
246,3
250,1
253,1
258,4
259,0
260,3
261,0
262,3
263,0
264,3
265,3
266,3
267,3
269,1
271,2
273,0
275,2
277,3
278,3
281,3
282,2
283,1
285,0
286,1
289,4
291,3
292,3
293,3
294,3
297,3
298,3
299,3
302,1
303,3
305,3
307,2
309,2
310,0
311,1
313,4
314,0
315,3
316,3
318,1
320,1
321,1
322,2
323,0
324,0
328,4
329,2
330,4
331,0
332,1
334,3
336,2
337,2
338,3
340,0
341,3
342,1
343,1
344,3
345,4
347,0
348,4
350,0
351,0
354,1
355,0
356,1
357,3
358,3
359,1
361,2
363,0
364,4
365,3
366,1
367,3
368,0
372,0
373,4
375,3
378,1
383,4
385,3
386,1
389,1
390,0
393,1
396,3
403,3
404,3
406,2
407,3
408,0
410,0
411,2
414,3
416,1
417,3
418,3
419,2
421,3
423,3
424,1
425,3
426,1
428,3
435,1
437,3
438,1
439,3
440,2
441,2
442,3
443,3
446,1
450,3
455,2
456,1
457,3
458,4
459,0
460,3
461,4
463,2
467,1
468,0
470,1
472,3
475,1
478,2
482,3
483,3
484,0
486,1
487,1
488,4
490,3
493,4
496,0
500,3
501,0
502,2
503,1
504,1
507,2
510,3
511,2
515,2
516,2
518,1
520,4
521,3
522,4
523,4
524,1
525,2
527,4
528,3
532,3
536,4
537,3
538,3
542,3
543,0
545,3
546,3
548,3
552,0
553,1
554,3
555,2
556,3
557,2
559,3
560,0
561,3
562,2
564,4
565,2
568,2
569,4
570,3
572,1
573,2
574,1
577,3
579,3
580,2
582,1
583,3
584,3
585,4
587,0
588,1
590,3
592,3
593,3
594,3
595,1
597,4
598,2
599,0
605,3
609,0
610,1
611,2
612,3
613,1
615,3
616,2
620,0
623,0
625,1
626,2
627,0
628,0
632,4
636,0
638,1
642,1
644,2
645,0
647,2
648,4
649,3
650,3
651,3
655,3
658,3
659,3
661,3
662,3
665,4
668,1
670,2
671,3
675,3
678,3
679,1
680,2
681,4
683,1
684,2
687,3
691,3
692,2
693,3
696,3
697,3
698,3
699,4
701,3
704,1
705,3
706,3
707,2
708,1
709,2
710,2
712,3
721,3
723,4
726,3
728,3
730,2
731,0
732,2
736,3
739,1
740,3
742,4
743,4
745,1
747,1
749,1
750,0
752,2
758,0
759,1
760,2
763,0
764,4
765,0
766,3
768,2
772,2
774,1
775,3
777,1
778,1
779,2
780,3
781,1
782,3
783,4
784,1
787,3
788,4
789,3
790,0
791,0
792,3
794,2
795,4
796,3
797,1
798,0
799,1
800,4
801,1
802,2
803,3
806,0
810,4
811,0
812,2
819,0
821,1
822,4
823,2
824,3
825,2
827,2
830,4
832,4
836,1
838,3
842,2
843,0
844,3
845,3
846,0
847,2
848,2
849,4
850,2
851,2
852,3
855,1
856,0
857,3
859,2
860,3
862,3
864,0
865,0
866,3
870,0
871,0
872,3
873,3
874,3
878,3
879,1
880,1
884,3
886,1
887,1
888,3
889,1
890,3
891,1
892,3
894,2
898,2
899,0
900,1
901,0
902,2
903,3
906,0
907,3
908,1
909,3
911,3
912,0
914,3
917,2
919,1
921,0
927,1
928,3
929,1
932,1
933,3
935,4
936,0
939,3
940,3
941,3
943,3
944,0
945,2
949,3
950,3
951,0
953,3
955,1
957,3
959,0
960,2
961,0
963,3
964,0
968,3
971,2
973,2
978,4
979,4
980,1
981,3
982,1
986,1
989,0
990,3
991,3
992,0
995,4
997,2
1001,3
1002,2
1006,1
1007,3
1009,4
1010,3
1014,3
1015,3
1016,3
1018,3
1020,2
1022,4
1025,3
1027,4
1028,2
1030,4
1032,1
1033,3
1034,2
1036,0
1040,1
1041,1
1042,1
1043,0
1044,0
1045,3
1046,3
1049,3
1051,3
1054,3
1055,2
1056,0
1058,2
1059,1
1060,3
1062,2
1063,3
1064,0
1067,2
1068,2
1074,3
1075,3
1082,4
1083,4
1085,4
1086,0
1087,3
1088,3
1089,1
1091,3
1092,3
1093,3
1098,3
1100,0
1101,0
1102,2
1104,3
1105,4
1108,4
1109,4
1113,3
1115,1
1116,4
1117,3
1121,4
1122,4
1123,3
1125,3
1126,1
1128,0
1129,2
1130,0
1131,4
1132,1
1133,2
1134,0
1138,3
1139,4
1140,1
1141,1
1143,3
1144,0
1148,0
1151,2
1152,0
1153,4
1157,3
1158,3
1159,2
1160,3
1165,3
1166,3
1167,0
1168,1
1169,2
1171,4
1173,4
1175,1
1178,0
1179,0
1181,0
1184,3
1185,0
1187,0
1189,2
1190,1
1192,2
1193,2
1195,3
1196,4
1198,1
1201,1
1202,1
1204,4
1205,3
1209,0
1210,2
1214,3
1216,1
1218,3
1219,0
1221,0
1223,2
1225,4
1228,0
1230,3
1231,3
1232,3
1233,0
1234,2
1238,3
1241,2
1243,1
1246,3
1247,2
1250,0
1252,2
1255,4
1256,1
1258,0
1260,4
1263,2
1264,3
1265,2
1266,1
1267,0
1268,1
1271,4
1274,2
1276,3
1277,3
1282,0
1285,1
1286,1
1288,3
1289,3
1290,3
1291,2
1292,3
1294,2
1295,0
1298,2
1299,4
1300,2
1301,2
1302,3
1303,2
1306,0
1307,0
1308,0
1309,4
1311,4
1313,3
1314,3
1315,3
1317,4
1319,4
1320,3
1324,1
1326,1
1327,4
1330,2
1331,0
1332,4
1333,3
1336,4
1338,4
1339,1
1340,2
1341,0
1342,3
1346,0
1347,4
1348,4
1351,1
1352,1
1354,1
1357,4
1358,3
1359,2
1361,1
1362,3
1363,3
1364,3
1368,3
1369,3
1371,3
1372,3
1373,0
1377,3
1380,1
1381,3
1382,2
1384,1
1385,1
1387,0
1390,3
1391,3
1395,2
1397,4
1398,0
1400,0
1402,3
1407,2
1409,4
1410,3
1413,2
1415,3
1416,2
1418,2
1419,0
1420,1
1421,3
1422,3
1423,3
1425,2
1426,3
1427,0
1428,2
1430,2
1431,4
1432,1
1434,3
1435,2
1437,3
1438,3
1439,4
1442,0
1443,4
1444,1
1445,3
1447,3
1448,3
1449,3
1450,1
1454,2
1455,3
1458,4
1459,0
1460,3
1461,2
1462,2
1465,1
1468,3
1470,3
1471,1
1472,4
1473,2
1474,3
1475,3
1477,3
1479,2
1480,2
1483,2
1485,0
1486,2
1488,2
1489,4
1491,3
1492,2
1493,3
1494,3
1496,1
1497,2
1498,4
1499,3
1500,4
1501,2
1503,0
1504,4
1509,4
1510,1
1513,3
1515,2
1516,3
1525,2
1526,3
1529,4
1530,3
1531,1
1533,3
1534,3
1538,2
1541,4
1545,3
1546,2
1548,0
1550,1
1552,0
1553,3
1555,3
1557,0
1563,3
1564,4
1565,4
1568,3
1572,4
1575,1
1577,4
1578,2
1579,0
1580,2
1582,0
1583,0
1584,1
1585,0
1588,4
1589,0
1590,0
1592,4
1593,0
1594,1
1595,3
1596,1
1597,1
1598,1
1600,3
1601,3
1602,3
1603,3
1605,1
1606,2
1608,4
1609,2
1612,2
1613,4
1615,3
1617,4
1622,4
1623,4
1624,1
1625,3
1628,0
1629,4
1631,3
1635,2
1636,1
1637,0
1639,3
1642,4
1644,0
1645,0
1647,1
1649,1
1650,3
1651,4
1652,2
1653,0
1654,3
1659,4
1660,0
1663,3
1664,3
1666,1
1668,3
1669,4
1671,3
1672,0
1673,3
1675,3
1682,3
1683,0
1686,3
1688,3
1692,4
1694,0
1696,1
1697,2
1698,0
1699,3
1704,3
1705,3
1706,1
1708,2
1709,3
1710,0
1711,3
1714,1
1715,4
1716,1
1717,3
1718,3
1719,4
1720,3
1721,3
1722,2
1723,3
1725,3
1728,3
1729,3
1731,1
1733,2
1734,1
1737,0
1741,2
1742,0
1743,0
1744,2
1746,3
1747,1
1748,0
1751,0
1752,2
1756,1
1757,3
1759,3
1761,0
1767,0
1768,3
1771,3
1781,1
1782,4
1783,1
1785,3
1786,3
1787,2
1788,3
1791,4
1794,0
1795,3
1796,0
1797,3
1798,0
1799,1
1800,1
1802,3
1803,0
1805,2
1807,1
1809,3
1810,2
1812,2
1815,2
1817,4
1820,0
1821,2
1823,1
1827,1
1828,1
1830,1
1832,1
1833,3
1834,4
1837,3
1838,3
1840,3
1841,0
1842,3
1843,3
1844,3
1846,1
1848,0
1849,1
1851,2
1852,3
1853,0
1854,3
1855,1
1861,4
1863,3
1864,3
1867,3
1869,2
1875,4
1876,4
1880,4
1882,0
1883,3
1884,2
1885,2
1889,3
1890,3
1891,1
1892,0
1893,4
1894,2
1901,3
1903,3
1908,4
1909,1
1910,4
1912,4
1913,0
1914,3
1915,2
1921,4
1923,3
1924,0
1927,4
1929,4
1930,0
1931,1
1932,3
1933,2
1934,4
1935,3
1938,1
1939,2
1940,2
1941,3
1942,1
1943,2
1945,2
1948,0
1951,3
1953,4
1954,1
1955,4
1957,2
1959,3
1960,2
1966,3
1967,3
1968,0
1969,0
1971,3
1974,0
1976,3
1977,3
1978,1
1980,2
1984,1
1985,2
1988,1
1992,4
1993,4
1995,4
1997,0
1998,3
1999,2
2002,2
2003,2
2005,1
2006,4
2007,4
2011,2
2013,3
2016,0
2020,1
2023,0
2024,3
2027,4
2028,2
2034,2
2042,0
2043,4
2044,0
2046,3
2047,3
2052,0
2053,3
2054,4
2055,3
2056,2
2058,3
2060,1
2061,3
2062,3
2065,1
2066,1
2068,3
2069,0
2070,0
2072,3
2073,2
2075,4
2076,3
2077,3
2080,2
2081,3
2082,2
2084,3
2087,1
2089,3
2092,3
2093,0
2095,1
2099,4
2100,0
2102,0
2104,3
2105,0
2106,4
2107,0
2108,3
2109,0
2111,3
2112,3
2115,3
2116,3
2117,3
2118,2
2119,3
2120,3
2121,0
2122,4
2124,3
2125,1
2126,0
2129,4
2130,3
2133,0
2138,2
2139,1
2143,3
2146,0
2147,3
2148,3
2150,4
2151,1
2152,4
2153,3
2154,1
2155,3
2157,4
2160,1
2164,4
2165,3
2166,1
2169,2
2171,3
2173,2
2174,2
2175,0
2176,3
2178,1
2179,4
2180,0
2181,0
2186,1
2191,2
2192,0
2195,0
2196,4
2198,1
2199,1
2200,4
2201,4
2202,4
2203,1
2204,0
2205,4
2206,3
2209,3
2210,0
2213,0
2214,1
2215,2
2218,3
2220,2
2224,3
2225,0
2227,2
2228,1
2229,3
2231,2
2232,3
2235,4
2236,2
2237,2
2239,1
2243,1
2245,2
2247,0
2248,4
2250,0
2253,3
2256,2
2257,4
2261,2
2264,1
2265,0
2268,3
2270,3
2273,3
2274,4
2275,0
2277,3
2278,3
2280,2
2283,2
2285,4
2286,0
2287,1
2289,1
2293,1
2294,3
2295,3
2296,0
2297,0
2298,3
2300,3
2301,3
2302,2
2303,2
2306,3
2308,3
2309,3
2310,3
2314,1
2317,3
2318,0
2320,1
2321,2
2325,0
2326,3
2329,4
2333,2
2334,1
2335,2
2338,3
2339,3
2341,2
2342,0
2348,0
2349,1
2350,3
2351,2
2352,3
2353,2
2354,1
2356,1
2358,3
2360,4
2361,3
2362,1
2363,3
2364,3
2365,3
2367,0
2369,3
2371,4
2372,2
2374,0
2379,0
2381,3
2383,3
2384,3
2388,2
2390,0
2391,0
2392,4
2393,4
2396,2
2400,3
2401,3
2402,2
2403,2
2405,4
2406,3
2408,3
2410,1
2412,1
2414,2
2415,2
2417,1
2418,3
2420,3
2421,2
2422,4
2424,1
2425,3
2426,3
2429,0
2430,3
2431,2
2432,0
2433,4
2436,1
2437,0
2438,3
2439,2
2441,3
2442,0
2443,4
2444,3
2447,1
2449,4
2451,3
2452,3
2453,1
2455,4
2457,0
2458,3
2460,3
2461,3
2462,3
2469,4
2470,3
2471,1
2472,3
2473,4
2474,3
2476,1
2478,2
2479,0
2482,3
2484,1
2485,1
2486,1
2488,4
2489,1
2494,2
2495,2
2496,1
2498,2
2499,4
2501,1
2509,2
2510,0
2511,0
2512,2
2513,3
2515,0
2518,4
2519,3
2520,4
2524,4
2529,1
2530,3
2533,0
2535,3
2536,4
2537,1
2539,3
2540,0
2542,3
2544,2
2545,0
2547,4
2548,1
2551,4
2552,3
2554,4
2555,1
2556,2
2558,3
2564,0
2566,0
2567,2
2570,3
2571,3
2573,3
2574,3
2575,4
2578,2
2579,3
2580,2
2581,3
2583,0
2584,2
2586,3
2587,0
2589,3
2590,4
2591,1
2592,2
2594,1
2595,0
2596,0
2597,3
2600,3
2601,3
2602,1
2604,0
2605,3
2606,4
2609,0
2611,3
2614,1
2616,3
2617,3
2620,3
2621,0
2623,4
2624,3
2625,0
2627,4
2628,3
2632,3
2634,3
2635,3
2636,3
2638,3
2641,1
2642,1
2644,2
2645,2
2646,4
2648,0
2650,1
2651,1
2652,4
2653,0
2655,2
2656,0
2657,1
2659,3
2660,3
2662,4
2664,4
2665,3
2669,4
2671,3
2673,0
2674,3
2678,3
2682,3
2683,1
2684,2
2686,3
2689,2
2690,2
2692,0
2694,1
2696,4
2697,2
2698,2
2699,4
2701,3
2707,3
2708,4
2713,4
2714,2
2715,4
2718,2
2719,0
2720,0
2721,2
2723,1
2724,1
2725,0
2728,2
2729,1
2731,0
2733,4
2734,3
2735,2
2736,0
2739,4
2740,4
2742,1
2743,1
2744,1
2745,2
2746,3
2748,3
2751,2
2752,4
2756,4
2758,3
2760,3
2761,3
2763,2
2765,1
2766,0
2768,3
2769,3
2770,2
2775,4
2776,4
2777,1
2778,3
2779,1
2780,0
2781,2
2783,1
2786,3
2787,4
2788,2
2789,3
2790,0
2793,1
2795,0
2800,2
2801,1
2802,0
2803,1
2804,3
2806,4
2810,3
2811,1
2812,3
2816,2
2817,4
2818,4
2819,1
2824,3
2825,3
2826,3
2828,2
2830,2
2832,3
2834,3
2835,2
2837,2
2838,3
2839,2
2840,2
2841,2
2851,4
2854,3
2855,2
2857,1
2862,2
2864,3
2866,1
2867,0
2868,1
2872,3
2876,4
2877,2
2879,3
2880,0
2884,3
2886,1
2888,0
2889,0
2890,4
2892,4
2894,2
2895,3
2897,4
2899,3
2901,0
2902,0
2903,0
2905,3
2906,3
2911,3
2914,4
2916,3
2918,3
2921,4
2923,3
2925,2
2926,3
2928,2
2929,1
2939,3
2941,3
2942,4
2946,3
2951,0
2952,4
2955,3
2956,1
2958,3
2961,1
2964,2
2966,3
2967,3
2971,4
2972,1
2974,4
2976,4
2977,1
2978,4
2981,3
2983,2
2984,3
2985,4
2987,0
2988,3
2989,0
2990,3
2992,0
2994,3
2995,3
2996,4
2997,1
2998,0
3001,3
3002,0
3005,3
3010,0
3011,1
3014,0
3016,1
3017,4
3018,1
3020,4
3022,1
3025,0
3026,0
3028,3
3034,4
3036,0
3037,3
3039,1
3040,0
3041,3
3042,3
3043,1
3044,2
3045,1
3047,3
3049,4
3052,0
3053,1
3055,2
3058,3
3059,1
3060,3
3061,3
3063,1
3064,4
3065,1
3066,0
3067,1
3071,3
3072,4
3073,3
3077,4
3082,0
3083,2
3084,3
3087,4
3089,4
3094,0
3096,2
3099,1
3101,3
3102,1
3103,2
3104,3
3105,1
3106,2
3107,4
3111,0
3114,0
3116,2
3117,1
3122,4
3123,2
3125,3
3126,1
3127,0
3128,3
3129,3
3131,4
3132,2
3133,1
3136,3
3137,3
3139,1
3141,0
3142,3
3143,3
3144,1
3145,3
3146,2
3148,3
3150,0
3152,3
3153,3
3154,2
3156,3
3158,1
3159,3
3163,0
3168,3
3170,3
3172,4
3173,2
3175,1
3176,3
3178,0
3183,4
3184,2
3186,2
3187,1
3188,4
3189,4
3192,1
3193,0
3194,1
3195,4
3197,2
3198,3
3199,0
3200,0
3202,2
3204,3
3208,2
3209,3
3210,3
3211,0
3215,1
3216,4
3217,4
3219,3
3220,3
3221,3
3223,3
3224,2
3225,3
3226,4
3227,3
3229,3
3231,3
3234,0
3235,4
3237,4
3240,3
3241,3
3242,1
3243,0
3244,3
3245,2
3246,2
3247,1
3248,2
3249,2
3250,3
3251,2
3256,0
3257,3
3260,3
3261,0
3262,2
3263,2
3264,2
3265,3
3267,1
3269,1
3277,3
3279,1
3280,1
3281,3
3283,0
3288,3
3289,4
3290,0
3291,0
3292,3
3294,3
3295,4
3296,2
3297,3
3298,3
3299,0
3304,2
3305,0
3306,4
3308,2
3309,2
3313,1
3314,0
3318,0
3321,1
3323,2
3325,4
3327,0
3328,3
3330,2
3332,2
3333,1
3334,3
3335,1
3336,0
3337,4
3339,3
3340,1
3342,3
3345,4
3346,2
3347,2
3349,3
3353,2
3354,2
3355,1
3357,1
3358,3
3359,0
3360,3
3361,1
3365,3
3368,3
3369,3
3370,2
3371,1
3372,1
3374,3
3378,1
3379,3
3380,4
3383,2
3386,0
3388,0
3391,0
3394,3
3395,0
3396,3
3398,2
3400,1
3401,2
3402,2
3404,0
3408,0
3409,4
3411,2
3414,3
3417,1
3418,4
3419,3
3421,2
3422,3
3427,3
3429,1
3430,4
3431,0
3432,2
3434,2
3435,3
3438,3
3439,3
3440,0
3442,4
3444,2
3446,2
3447,3
3449,0
3452,1
3453,3
3456,0
3459,3
3460,2
3463,0
3466,4
3467,1
3469,4
3470,4
3472,4
3474,3
3475,3
3476,3
3479,2
3480,2
3481,0
3483,3
3484,1
3487,3
3491,0
3492,2
3493,1
3494,4
3500,3
3501,0
3503,0
3506,3
3507,3
3508,3
3509,4
3510,3
3511,4
3514,4
3516,3
3518,4
3521,4
3522,2
3523,3
3524,2
3525,1
3526,3
3528,4
3530,1
3531,3
3533,0
3535,3
3536,3
3537,2
3538,3
3539,0
3540,2
3542,2
3544,0
3545,1
3546,3
3547,3
3550,1
3551,3
3553,3
3557,0
3558,3
3559,2
3560,3
3561,2
3563,4
3564,0
3567,3
3571,0
3572,2
3574,3
3575,3
3576,3
3577,0
3578,0
3579,3
3580,2
3581,3
3586,3
3587,1
3588,4
3589,0
3590,4
3592,0
3593,3
3594,0
3596,1
3599,0
3601,1
3602,0
3603,2
3606,0
3608,3
3609,0
3610,3
3612,2
3613,3
3616,2
3617,0
3619,3
3620,2
3621,3
3623,3
3624,4
3626,0
3627,2
3628,3
3629,3
3634,4
3635,0
3638,3
3640,1
3641,0
3642,4
3643,0
3649,4
3651,2
3652,0
3653,3
3654,1
3655,0
3656,1
3658,1
3659,3
3660,3
3662,1
3663,3
3664,1
3667,4
3668,0
3670,1
3673,3
3676,1
3679,3
3682,3
3684,4
3685,2
3687,3
3688,3
3690,3
3691,1
3692,0
3694,3
3697,4
3700,0
3701,3
3703,1
3704,1
3705,4
3709,3
3710,3
3711,2
3713,2
3715,0
3716,2
3717,2
3719,2
3721,3
3725,0
3726,3
3727,3
3729,2
3730,3
3731,3
3732,3
3733,3
3736,2
3739,3
3741,0
3742,0
3745,0
3746,3
3747,4
3748,3
3750,4
3751,3
3752,1
3753,4
3755,1
3757,3
3760,3
3761,0
3763,3
3765,2
3766,3
3769,4
3770,1
3773,3
3774,4
3777,3
3782,3
3787,3
3789,2
3791,1
3792,3
3793,1
3795,3
3796,3
3800,3
3801,4
3802,0
3803,2
3804,3
3805,3
3807,1
3810,0
3811,3
3817,1
3818,4
3819,1
3821,4
3822,4
3824,2
3825,0
3826,1
3828,3
3829,2
3831,2
3833,2
3836,3
3838,1
3839,0
3841,0
3842,2
3843,2
3844,2
3846,2
3848,1
3849,2
3850,3
3852,2
3853,1
3856,4
3861,2
3864,3
3865,3
3866,2
3867,0
3869,3
3871,1
3873,0
3875,3
3878,2
3879,2
3880,3
3881,0
3883,4
3885,1
3886,4
3887,4
3889,1
3891,2
3893,4
3894,4
3895,4
3897,0
3899,3
3900,2
3906,3
3908,3
3910,2
3911,3
3913,0
3915,3
3916,2
3920,3
3921,1
3923,2
3924,1
3925,0
3926,3
3929,4
3934,4
3935,4
3936,3
3937,4
3939,2
3941,0
3942,2
3943,0
3944,1
3945,0
3948,1
3950,4
3952,4
3953,1
3954,0
3955,2
3956,0
3957,4
3959,1
3960,1
3961,4
3963,1
3964,3
3966,4
3969,3
3972,3
3974,1
3975,3
3976,4
3977,0
3978,3
3980,2
3984,2
3986,4
3990,3
3993,3
3994,4
3996,3
3999,4
4000,3
4002,3
4003,3
4004,2
4005,3
4009,2
4012,3
4015,3
4016,4
4017,0
4018,3
4020,3
4021,0
4022,1
4023,3
4025,1
4027,1
4028,2
4031,4
4032,3
4034,2
4035,3
4037,0
4038,4
4039,2
4041,0
4042,3
4043,2
4044,3
4047,4
4050,4
4055,1
4056,3
4058,3
4060,0
4061,0
4062,3
4064,4
4065,2
4066,1
4069,2
4070,3
4073,0
4074,3
4078,3
4079,3
4080,0
4081,1
4084,3
4087,1
4092,4
4093,0
4094,3
4095,1
4096,3
4098,1
4099,3
4100,2
4102,4
4104,4
4105,0
4112,3
4117,2
4119,2
4120,3
4121,3
4122,3
4124,0
4125,3
4127,1
4129,0
4130,0
4132,3
4133,0
4134,2
4135,0
4136,3
4137,0
4141,0
4144,2
4145,0
4146,1
4147,3
4148,1
4149,2
4150,2
4152,2
4153,0
4155,3
4157,4
4158,1
4159,3
4160,3
4163,3
4164,2
4165,1
4168,3
4169,3
4170,4
4172,2
4175,2
4177,2
4179,4
4181,2
4184,0
4186,3
4192,4
4193,1
4197,3
4198,2
4199,3
4200,1
4203,1
4206,1
4207,0
4208,0
4215,0
4217,4
4219,1
4222,2
4225,4
4227,3
4229,2
4233,4
4234,3
4235,0
4236,1
4237,0
4238,2
4241,4
4246,1
4247,4
4249,2
4250,0
4252,0
4253,1
4254,1
4256,1
4258,2
4259,4
4261,3
4263,1
4265,1
4267,0
4268,1
4269,0
4271,1
4272,3
4275,3
4276,3
4277,3
4280,1
4281,3
4282,3
4283,1
4286,2
4287,3
4290,2
4292,3
4295,2
4297,3
4300,3
4301,2
4305,3
4308,0
4309,2
4310,1
4312,3
4313,0
4316,2
4317,2
4318,4
4319,1
4320,4
4321,3
4322,2
4323,2
4325,0
4328,1
4331,3
4332,0
4333,3
4334,3
4335,2
4336,3
4337,3
4338,0
4340,3
4341,3
4343,3
4344,3
4345,3
4346,2
4348,0
4349,2
4350,1
4351,0
4353,3
4355,1
4360,4
4361,1
4364,0
4365,2
4367,3
4369,3
4370,3
4371,4
4373,4
4374,3
4376,3
4377,3
4381,4
4382,3
4383,4
4384,3
4385,0
4388,3
4389,3
4391,0
4392,0
4393,2
4397,0
4400,0
4402,3
4404,3
4406,3
4407,1
4409,4
4410,3
4411,4
4412,2
4413,3
4414,3
4418,1
4421,0
4423,3
4425,1
4430,0
4434,3
4435,0
4436,3
4437,0
4438,3
4440,3
4441,1
4442,3
4443,0
4444,3
4446,3
4447,0
4448,4
4449,2
4450,3
4451,3
4452,2
4457,1
4458,3
4461,0
4463,2
4464,4
4465,3
4468,1
4470,2
4471,3
4474,4
4477,2
4479,3
4481,4
4483,3
4485,2
4491,4
4494,4
4497,3
4501,4
4504,0
4505,3
4506,3
4510,4
4511,4
4513,4
4514,0
4515,3
4520,4
4522,0
4524,1
4526,1
4527,3
4531,3
4532,3
4534,2
4535,0
4536,1
4537,3
4543,1
4547,2
4548,1
4549,4
4553,1
4555,0
4556,4
4557,1
4560,4
4562,4
4563,0
4564,3
4565,3
4567,0
4568,2
4569,4
4570,4
4572,0
4574,4
4576,4
4578,3
4580,4
4583,3
4584,1
4585,4
4588,2
4589,3
4592,1
4596,4
4597,0
4598,4
4601,4
4603,3
4604,1
4605,3
4606,4
4607,0
4608,2
4609,3
4611,4
4612,0
4614,3
4615,2
4617,0
4619,4
4622,2
4625,3
4626,0
4628,4
4630,3
4631,3
4632,3
4633,0
4636,1
4637,3
4640,1
4641,4
4645,0
4646,2
4647,2
4648,2
4649,0
4652,3
4653,2
4654,2
4655,2
4656,4
4657,2
4659,4
4660,3
4662,0
4663,3
4666,3
4667,2
4668,1
4669,1
4671,3
4681,1
4683,3
4685,2
4687,2
4688,0
4689,3
4690,0
4691,0
4692,1
4693,4
4694,1
4695,2
4696,4
4697,3
4698,3
4702,1
4705,0
4706,1
4708,3
4709,1
4710,3
4713,4
4714,3
4719,4
4721,0
4722,0
4723,3
4724,1
4726,0
4731,3
4732,1
4733,4
4734,3
4735,2
4737,3
4740,3
4742,3
4743,3
4746,4
4752,3
4753,4
4755,0
4757,0
4759,0
4761,1
4762,4
4763,3
4764,4
4765,3
4768,2
4770,4
4771,0
4772,2
4773,0
4777,0
4778,4
4780,2
4783,2
4790,4
4794,1
4795,3
4796,2
4798,3
4799,2
4802,4
4806,3
4807,0
4809,0
4811,4
4813,0
4814,3
4815,2
4816,4
4817,4
4822,3
4824,1
4827,2
4829,4
4831,3
4832,4
4833,2
4834,3
4835,3
4837,2
4838,3
4839,1
4842,3
4844,4
4845,0
4846,3
4848,0
4850,3
4851,3
4854,1
4856,3
4858,2
4860,3
4861,4
4862,3
4863,0
4865,1
4866,0
4867,2
4869,0
4870,4
4871,4
4872,3
4878,4
4879,1
4881,3
4883,0
4885,0
4888,3
4889,4
4891,2
4892,0
4895,4
4897,2
4899,1
4901,0
4902,3
4903,1
4905,2
4906,4
4907,4
4908,1
4910,2
4911,3
4912,2
4913,2
4914,3
4917,4
4919,4
4921,3
4922,3
4923,3
4926,3
4927,4
4929,1
4931,3
4934,1
4935,2
4937,3
4939,3
4943,3
4944,3
4946,2
4947,4
4950,4
4951,0
4954,3
4956,0
4958,1
4959,3
4963,0
4964,1
4965,4
4966,3
4970,0
4974,4
4975,3
4978,4
4980,4
4982,1
4985,2
4986,2
4987,4
4990,4
4993,3
4994,0
4996,4
4998,4
4999,3
5001,2
5003,3
5004,1
5006,3
5008,4
5009,0
5010,2
5011,1
5014,1
5015,0
5016,3
5017,0
5018,4
5019,4
5021,2
5025,1
5030,3
5032,3
5033,3
5034,2
5035,3
5036,0
5037,2
5043,0
5047,3
5049,1
5050,3
5053,3
5055,3
5057,2
5058,3
5060,0
5063,4
5064,2
5067,3
5070,3
5072,4
5073,2
5074,3
5076,3
5077,3
5081,3
5082,4
5083,4
5084,2
5085,0
5087,4
5088,3
5089,3
5092,0
5093,2
5095,0
5098,1
5099,2
5100,2
5101,1
5102,3
5104,2
5107,3
5108,2
5110,4
5112,1
5113,3
5115,0
5116,3
5118,4
5121,1
5123,1
5126,1
5127,0
5131,3
5133,1
5134,4
5135,2
5138,3
5139,1
5140,1
5142,1
5144,2
5145,1
5146,2
5148,1
5149,2
5152,3
5155,2
5156,3
5160,2
5163,1
5165,3
5166,0
5167,3
5168,3
5170,3
5171,3
5172,4
5174,3
5175,4
5176,0
5177,0
5178,4
5179,2
5182,2
5183,3
5184,1
5185,1
5186,0
5187,0
5188,3
5189,0
5192,3
5193,1
5197,4
5199,3
5202,3
5203,2
5207,4
5209,0
5211,1
5212,3
5214,4
5216,0
5224,2
5226,3
5227,2
5229,1
5230,3
5231,3
5234,3
5236,1
5239,4
5240,4
5241,1
5242,2
5245,4
5248,3
5252,4
5254,3
5256,0
5259,3
5262,2
5263,1
5264,3
5265,0
5266,1
5267,0
5268,3
5270,3
5271,1
5272,4
5273,0
5274,1
5275,3
5277,0
5278,0
5279,3
5280,3
5282,3
5283,1
5285,1
5286,3
5287,0
5288,0
5289,3
5290,4
5291,3
5293,3
5294,0
5295,2
5300,3
5301,2
5302,1
5304,0
5305,4
5309,3
5314,4
5315,3
5316,2
5320,3
5321,2
5324,4
5325,1
5326,0
5327,1
5329,0
5330,3
5332,2
5335,3
5336,2
5337,3
5338,3
5342,3
5347,2
5349,0
5350,3
5351,4
5352,1
5356,1
5357,3
5359,0
5360,3
5364,1
5365,2
5371,2
5372,3
5373,4
5375,4
5376,3
5377,1
5380,4
5381,1
5382,3
5383,2
5385,4
5386,2
5388,1
5391,4
5392,0
5393,3
5394,2
5397,4
5399,0
5400,3
5401,0
5403,0
5405,3
5406,2
5408,2
5409,4
5411,3
5414,1
5415,3
5418,0
5419,1
5420,3
5424,0
5427,1
5428,0
5431,3
5432,4
5436,3
5437,3
5438,3
5439,4
5440,3
5441,3
5442,4
5444,3
5446,0
5447,2
5455,2
5457,1
5462,3
5464,3
5465,2
5466,0
5468,1
5469,3
5471,3
5473,1
5476,0
5478,3
5479,3
5481,3
5483,4
5485,1
5488,3
5490,2
5491,3
5493,3
5495,2
5496,4
5497,2
5501,3
5504,0
5505,0
5506,0
5507,3
5508,4
5509,4
5510,0
5512,1
5513,2
5515,3
5516,2
5518,2
5519,4
5520,4
5521,0
5522,2
5524,3
5529,4
5530,1
5531,3
5533,4
5534,2
5535,3
5538,4
5542,0
5543,0
5544,1
5547,3
5549,3
5550,3
5552,0
5553,1
5554,4
5555,3
5557,3
5558,3
5559,4
5561,2
5562,2
5563,4
5564,4
5566,4
5567,1
5568,3
5569,3
5571,2
5573,0
5575,0
5576,1
5578,2
5580,3
5581,3
5582,2
5583,4
5584,3
5585,3
5587,4
5592,2
5594,0
5595,2
5598,4
5599,0
5601,3
5605,1
5607,2
5609,3
5610,3
5611,0
5612,3
5613,3
5614,3
5617,1
5618,3
5619,2
5620,2
5622,4
5623,4
5626,0
5629,3
5630,3
5631,2
5634,3
5637,2
5638,3
5641,3
5642,3
5644,2
5645,1
5649,0
5654,3
5655,0
5660,4
5662,2
5667,4
5668,1
5670,2
5671,2
5673,0
5674,2
5675,4
5678,1
5681,4
5684,0
5686,3
5691,3
5693,2
5696,3
5697,3
5699,3
5700,4
5701,0
5703,4
5704,1
5705,3
5708,4
5709,0
5710,4
5712,2
5723,1
5724,3
5725,1
5726,3
5727,3
5729,1
5732,2
5733,3
5734,3
5735,0
5736,2
5737,2
5738,3
5740,1
5741,3
5743,3
5744,4
5746,4
5747,3
5749,3
5750,0
5751,0
5752,1
5755,3
5758,3
5759,1
5762,4
5764,2
5767,1
5768,3
5769,2
5770,3
5772,3
5775,4
5778,1
5779,3
5781,3
5782,3
5784,2
5785,3
5786,3
5788,0
5789,2
5790,3
5792,3
5795,0
5796,2
5797,4
5798,3
5799,1
5801,0
5804,2
5807,3
5808,0
5809,0
5814,0
5815,3
5816,1
5817,2
5818,2
5819,4
5820,1
5822,3
5823,4
5828,3
5831,0
5832,4
5834,2
5835,3
5836,1
5838,4
5840,2
5841,2
5843,1
5846,3
5847,3
5848,3
5849,2
5850,3
5852,1
5854,2
5857,3
5858,3
5859,0
5861,4
5863,1
5865,4
5866,4
5871,0
5872,4
5874,0
5875,1
5877,3
5884,3
5886,3
5887,3
5890,1
5891,2
5892,0
5893,0
5895,1
5896,3
5899,2
5901,4
5903,4
5904,2
5905,3
5906,2
5907,4
5910,3
5911,3
5913,2
5914,0
5916,2
5917,0
5920,0
5921,0
5922,4
5923,0
5924,3
5925,3
5927,2
5928,1
5929,1
5932,0
5938,0
5939,4
5940,2
5941,4
5943,2
5945,3
5946,0
5947,1
5952,3
5954,2
5956,3
5958,4
5960,3
5962,2
5964,3
5965,3
5966,3
5968,2
5970,3
5971,0
5972,0
5973,1
5974,3
5976,0
5980,1
5981,4
5985,1
5986,3
5987,3
5988,2
5994,3
5995,0
5997,2
5999,3
6000,2
6002,3
6003,3
6004,1
6005,3
6006,4
6009,4
6011,0
6012,1
6015,3
6022,3
6023,3
6024,3
6025,3
6027,4
6028,1
6029,2
6032,4
6034,3
6037,1
6038,0
6039,4
6040,4
6041,1
6042,3
6043,3
6045,3
6046,3
6047,0
6049,4
6052,3
6055,3
6056,4
6057,4
6058,4
6059,4
6062,2
6063,1
6064,0
6066,0
6068,4
6070,3
6074,3
6075,3
6077,1
6080,0
6083,3
6084,3
6091,1
6093,0
6094,4
6095,3
6096,3
6100,2
6101,0
6105,1
6109,0
6111,3
6113,0
6115,1
6116,1
6118,4
6121,4
6122,2
6124,3
6126,1
6127,2
6128,2
6129,1
6130,3
6131,2
6133,0
6135,0
6136,4
6138,2
6139,0
6142,0
6148,1
6149,2
6153,3
6154,0
6156,2
6159,2
6161,0
6167,3
6168,4
6169,3
6173,2
6177,3
6178,4
6179,4
6180,3
6183,2
6186,3
6187,3
6188,3
6190,1
6191,3
6196,2
6197,3
6198,3
6200,4
6203,2
6204,0
6205,4
6207,1
6208,4
6209,3
6211,4
6212,1
6214,4
6215,3
6218,3
6219,2
6220,3
6221,0
6224,3
6225,3
6232,1
6234,0
6237,0
6242,4
6243,1
6244,0
6245,1
6246,4
6248,2
6250,1
6251,2
6252,3
6254,2
6255,4
6256,1
6258,2
6259,1
6260,3
6261,4
6262,1
6264,2
6265,3
6266,4
6268,3
6270,1
6272,2
6273,3
6276,4
6277,3
6278,2
6280,2
6282,4
6284,4
6285,0
6288,3
6290,3
6291,4
6292,0
6294,0
6295,1
6297,1
6298,1
6299,4
6300,4
6301,1
6303,1
6304,2
6305,3
6306,0
6307,3
6309,2
6313,4
6314,3
6317,0
6318,1
6319,1
6320,0
6323,2
6325,2
6327,1
6329,1
6333,1
6335,2
6340,2
6341,0
6343,2
6345,3
6348,3
6349,1
6351,3
6352,3
6353,3
6354,0
6356,0
6359,3
6360,4
6361,0
6365,2
6372,3
6373,3
6375,3
6379,3
6385,3
6386,4
6389,0
6390,3
6391,4
6393,1
6394,3
6395,3
6396,0
6397,0
6398,4
6401,0
6403,3
6404,3
6405,1
6406,3
6410,3
6411,3
6412,0
6413,0
6414,1
6415,2
6418,3
6419,3
6420,1
6422,0
6423,4
6425,0
6426,3
6427,1
6428,1
6430,1
6432,0
6433,3
6435,3
6436,4
6437,4
6439,3
6440,1
6442,4
6445,3
6446,1
6447,3
6449,2
6451,4
6454,3
6455,0
6458,2
6459,0
6462,3
6463,4
6466,1
6467,4
6469,3
6470,4
6473,1
6474,4
6475,3
6478,2
6483,3
6485,0
6486,1
6488,2
6490,2
6492,3
6493,1
6495,4
6501,4
6503,3
6504,1
6505,0
6506,3
6507,3
6514,2
6515,3
6516,3
6520,3
6521,0
6522,3
6526,0
6527,0
6532,0
6533,0
6534,3
6536,3
6537,2
6538,3
6539,2
6541,0
6543,3
6545,1
6549,0
6550,3
6551,3
6552,4
6553,3
6555,1
6556,3
6558,0
6559,2
6560,4
6561,3
6562,4
6565,4
6566,3
6567,1
6568,1
6569,3
6571,0
6572,1
6574,1
6576,2
6578,3
6579,0
6584,4
6585,1
6586,3
6589,2
6591,3
6592,1
6593,0
6598,3
6599,2
6601,3
6603,1
6604,2
6605,0
6607,2
6609,1
6612,3
6614,3
6615,1
6616,1
6620,0
6623,1
6624,2
6628,1
6629,1
6630,0
6633,4
6634,3
6635,4
6637,4
6639,4
6640,1
6641,4
6645,3
6646,0
6652,3
6655,0
6656,4
6657,1
6658,0
6661,0
6665,3
6666,2
6667,3
6668,2
6669,2
6670,4
6671,3
6673,0
6674,2
6675,3
6676,0
6680,0
6681,3
6682,3
6683,3
6684,0
6685,1
6686,1
6687,3
6688,4
6691,2
6695,3
6700,2
6703,3
6704,3
6705,3
6706,0
6707,3
6708,1
6709,3
6710,1
6712,1
6713,0
6714,0
6715,2
6717,1
6718,1
6719,2
6724,4
6725,2
6728,1
6729,4
6730,3
6731,3
6732,3
6733,4
6734,0
6735,4
6739,3
6740,3
6741,3
6742,3
6744,0
6745,1
6746,3
6747,3
6748,1
6749,3
6752,3
6754,2
6756,3
6759,4
6760,3
6761,3
6762,2
6763,3
6764,1
6766,0
6770,2
6774,2
6776,3
6780,0
6781,4
6784,3
6785,3
6786,0
6787,3
6789,2
6799,1
6800,2
6803,1
6804,1
6805,3
6806,0
6807,3
6809,0
6810,1
6811,3
6812,4
6813,4
6814,3
6816,0
6818,4
6820,0
6825,1
6826,2
6827,2
6828,3
6831,2
6833,2
6834,0
6835,3
6836,2
6838,1
6840,0
6844,2
6845,3
6846,4
6850,2
6852,4
6854,2
6855,3
6856,3
6861,4
6862,4
6867,2
6868,1
6869,4
6870,4
6872,3
6873,3
6874,0
6877,2
6879,2
6883,1
6885,2
6886,4
6888,0
6891,0
6893,0
6895,0
6896,0
6898,4
6903,4
6905,3
6906,3
6907,4
6910,4
6911,4
6912,4
6913,1
6915,3
6916,3
6918,3
6919,3
6921,3
6923,4
6928,4
6930,4
6932,2
6933,2
6935,2
6936,3
6937,4
6939,3
6940,1
6941,3
6942,2
6946,4
6947,1
6948,3
6949,3
6950,0
6951,2
6952,1
6955,3
6956,3
6960,2
6961,3
6963,1
6964,3
6965,4
6966,2
6967,3
6968,4
6969,3
6970,2
6973,1
6974,0
6978,3
6979,3
6980,0
6981,0
6983,4
6985,2
6987,1
6988,4
6991,0
6992,0
6993,2
6995,2
6996,3
6997,3
7004,3
7005,0
7006,3
7012,3
7014,3
7015,4
7016,1
7018,3
7021,4
7022,3
7023,1
7024,2
7025,2
7027,3
7029,4
7030,4
7031,4
7032,4
7035,2
7039,2
7041,1
7043,3
7046,3
7048,3
7051,3
7052,4
7053,0
7054,1
7055,1
7056,3
7057,3
7058,2
7060,3
7061,3
7062,3
7063,1
7064,3
7065,1
7066,3
7068,2
7069,2
7075,2
7077,1
7081,1
7082,2
7083,1
7084,3
7086,2
7089,2
7090,3
7091,3
7093,4
7094,0
7098,2
7099,2
7100,1
7101,3
7104,4
7105,1
7106,2
7108,3
7109,4
7110,1
7111,3
7112,0
7114,2
7116,1
7118,4
7119,4
7122,1
7123,1
7125,2
7126,3
7128,2
7129,4
7133,3
7134,0
7135,3
7136,3
7137,3
7138,4
7142,4
7143,1
7146,2
7147,0
7148,0
7149,3
7152,2
7153,4
7156,3
7157,3
7158,2
7160,0
7161,2
7162,2
7163,3
7165,3
7168,4
7169,4
7170,3
7172,1
7173,1
7175,3
7181,3
7183,2
7184,3
7187,2
7188,4
7190,3
7191,0
7192,1
7193,3
7194,0
7196,3
7197,3
7198,3
7199,4
7207,2
7210,4
7211,3
7213,3
7214,4
7215,2
7216,3
7217,0
7218,2
7219,4
7220,4
7221,1
7222,4
7223,1
7228,3
7229,2
7230,4
7231,3
7233,4
7234,0
7238,3
7240,1
7242,3
7243,2
7244,3
7245,2
7246,4
7247,1
7251,3
7252,3
7254,2
7255,1
7257,2
7258,1
7260,3
7261,4
7263,3
7264,4
7265,3
7268,3
7269,1
7270,0
7273,0
7274,0
7279,2
7280,1
7281,1
7284,0
7285,3
7287,0
7288,2
7289,2
7290,3
7291,0
7296,3
7298,4
7302,3
7304,2
7305,4
7306,3
7308,0
7309,3
7310,0
7312,4
7316,0
7317,0
7319,3
7320,3
7323,1
7324,0
7325,0
7328,3
7330,3
7332,3
7334,1
7337,3
7340,3
7341,0
7342,3
7343,3
7346,0
7352,4
7353,1
7354,0
7358,3
7359,2
7366,1
7367,4
7370,2
7372,3
7373,4
7375,1
7377,4
7379,1
7380,0
7381,2
7383,2
7385,3
7387,3
7388,0
7390,0
7391,0
7392,1
7393,2
7398,3
7399,0
7400,2
7401,1
7404,2
7407,4
7408,4
7411,4
7414,3
7415,1
7417,3
7418,3
7420,2
7421,0
7425,2
7431,1
7433,3
7434,3
7436,1
7438,1
7439,4
7440,0
7441,1
7442,3
7443,0
7445,1
7446,2
7450,4
7452,3
7453,4
7455,4
7457,0
7458,3
7461,3
7462,0
7464,0
7466,1
7468,3
7469,3
7474,2
7477,4
7479,3
7482,4
7483,3
7484,0
7485,3
7486,0
7489,0
7490,1
7492,1
7493,0
7494,4
7497,0
7498,3
7499,0
7501,2
7503,3
7505,1
7508,1
7510,3
7511,4
7513,0
7514,3
7515,1
7516,1
7521,3
7522,3
7525,3
7527,0
7529,4
7530,3
7532,2
7534,4
7536,3
7538,2
7540,3
7541,1
7542,2
7543,3
7544,3
7546,3
7547,0
7551,2
7553,3
7554,4
7555,3
7560,0
7561,2
7562,3
7563,3
7564,4
7566,2
7567,4
7572,4
7574,1
7575,3
7577,1
7579,3
7580,0
7581,1
7583,3
7584,3
7585,0
7586,3
7587,3
7589,3
7590,4
7591,2
7595,3
7597,0
7598,3
7599,3
7601,0
7603,1
7604,4
7605,2
7609,4
7610,1
7613,3
7615,4
7617,1
7619,3
7621,4
7622,0
7625,0
7628,4
7629,2
7631,2
7633,3
7634,2
7635,3
7637,0
7638,3
7641,3
7642,2
7643,2
7645,1
7646,3
7650,3
7653,1
7654,0
7655,0
7656,2
7659,1
7660,1
7665,0
7668,1
7669,2
7670,4
7671,0
7673,2
7679,1
7680,0
7681,1
7682,3
7683,0
7684,4
7685,2
7686,4
7689,3
7690,3
7691,4
7692,3
7693,3
7694,0
7695,2
7696,0
7697,3
7698,2
7699,4
7700,1
7701,2
7702,3
7703,3
7707,3
7709,4
7712,3
7713,0
7714,2
7715,2
7716,1
7718,4
7719,4
7721,3
7723,4
7725,3
7726,3
7727,1
7728,0
7730,2
7731,4
7732,1
7736,3
7738,4
7739,3
7740,1
7741,4
7743,4
7745,0
7746,0
7748,0
7749,1
7751,2
7753,1
7754,2
7757,4
7759,1
7761,1
7764,3
7765,2
7766,3
7770,3
7772,2
7773,1
7774,1
7775,0
7776,0
7777,0
7778,4
7779,3
7780,1
7783,1
7784,3
7785,4
7786,4
7788,2
7790,3
7791,3
7792,3
7794,3
7795,4
7798,3
7799,3
7800,2
7801,2
7802,0
7803,3
7804,3
7805,0
7806,3
7808,4
7809,0
7810,3
7813,0
7814,2
7816,4
7817,1
7819,3
7820,3
7823,4
7825,0
7829,1
7830,0
7831,3
7832,3
7833,0
7834,1
7835,0
7836,3
7837,0
7838,3
7839,1
7843,0
7846,4
7847,3
7850,3
7851,3
7852,3
7853,3
7854,3
7857,4
7859,3
7861,2
7862,0
7863,0
7866,2
7870,1
7874,1
7875,3
7877,3
7882,2
7883,1
7884,4
7885,0
7886,0
7888,2
7892,4
7894,3
7898,3
7899,2
7901,4
7904,4
7905,3
7906,1
7910,2
7912,4
7913,4
7916,3
7917,3
7918,1
7920,4
7921,4
7922,0
7925,1
7927,4
7929,3
7930,3
7932,4
7933,2
7937,3
7939,3
7941,2
7944,4
7945,0
7952,1
7953,4
7954,3
7955,4
7959,3
7962,3
7963,2
7964,2
7965,3
7966,4
7967,1
7968,3
7969,3
7970,3
7971,2
7973,3
7975,3
7976,4
7977,2
7978,1
7979,4
7980,4
7981,4
7984,2
7986,2
7987,2
7988,1
7989,4
7991,3
7997,3
7998,0
7999,3
8000,1
8003,4
8004,4
8008,1
8011,3
8013,4
8016,3
8020,2
8022,1
8023,3
8024,0
8025,1
8027,1
8029,3
8030,1
8031,3
8033,3
8034,4
8036,2
8038,4
8039,2
8041,3
8043,4
8045,3
8046,2
8047,0
8048,3
8051,0
8053,1
8057,1
8061,3
8062,4
8063,4
8064,2
8065,1
8066,0
8067,2
8068,2
8071,3
8072,2
8075,4
8079,2
8081,3
8082,4
8083,3
8085,0
8086,3
8087,2
8088,2
8089,2
8092,3
8096,1
8097,0
8101,0
8103,3
8106,3
8110,2
8111,3
8113,4
8115,4
8117,4
8118,3
8119,3
8120,3
8122,1
8126,1
8127,3
8128,3
8129,4
8133,0
8135,2
8137,1
8141,4
8144,2
8146,3
8147,2
8150,3
8152,3
8155,1
8156,1
8157,4
8163,2
8168,4
8169,1
8170,3
8171,2
8172,2
8174,1
8175,1
8176,2
8178,4
8180,1
8181,0
8185,4
8186,2
8188,0
8192,2
8193,0
8195,3
8196,1
8197,3
8198,3
8201,4
8205,1
8207,2
8208,0
8209,1
8217,4
8219,4
8220,1
8221,3
8222,3
8223,0
8224,4
8225,3
8226,4
8228,1
8231,0
8232,4
8236,4
8240,3
8242,4
8247,4
8251,3
8252,1
8253,3
8255,0
8256,3
8259,4
8260,0
8261,2
8264,3
8266,1
8270,3
8271,1
8272,4
8273,4
8275,1
8276,4
8280,3
8281,4
8282,2
8283,4
8284,4
8285,4
8286,3
8287,2
8288,3
8289,3
8290,2
8291,4
8293,4
8294,1
8295,4
8296,1
8300,3
8305,0
8308,2
8309,1
8311,0
8313,3
8314,4
8315,3
8317,4
8321,0
8323,2
8324,4
8325,3
8327,0
8329,0
8330,4
8332,1
8334,3
8335,3
8336,4
8337,1
8338,0
8339,1
8340,3
8343,1
8344,3
8345,1
8346,3
8350,4
8351,2
8353,1
8354,0
8355,1
8356,2
8358,4
8360,0
8361,3
8362,2
8365,4
8371,0
8372,2
8375,3
8378,0
8380,4
8381,1
8385,3
8386,2
8389,3
8390,2
8392,0
8394,3
8395,3
8397,3
8398,4
8401,2
8403,3
8404,3
8406,2
8409,1
8411,1
8413,0
8415,2
8416,0
8418,3
8419,3
8420,1
8421,1
8422,3
8425,2
8430,2
8433,4
8436,1
8437,3
8441,1
8447,3
8449,4
8450,3
8453,4
8454,1
8455,4
8456,0
8457,4
8458,4
8460,0
8467,0
8470,2
8473,4
8475,3
8476,2
8479,4
8482,1
8484,3
8485,3
8486,3
8487,0
8488,0
8489,0
8490,4
8491,2
8493,2
8494,2
8495,4
8496,1
8497,3
8499,0
8500,4
8501,2
8502,4
8505,3
8506,0
8508,4
8509,3
8511,4
8512,2
8516,2
8517,4
8518,0
8520,3
8521,2
8523,4
8526,2
8528,3
8529,4
8531,3
8537,2
8538,4
8543,4
8545,3
8550,4
8551,4
8552,1
8553,4
8554,0
8558,3
8559,0
8560,3
8561,3
8562,0
8565,4
8567,2
8572,3
8573,0
8574,3
8576,2
8581,2
8583,0
8588,3
8591,4
8592,3
8593,1
8594,4
8597,4
8598,2
8600,0
8601,1
8602,2
8603,1
8604,1
8606,1
8609,4
8611,2
8612,2
8613,2
8615,1
8616,3
8617,4
8620,3
8627,4
8628,1
8631,1
8633,1
8635,0
8637,4
8638,1
8639,2
8640,2
8644,3
8645,3
8647,0
8648,1
8651,1
8652,2
8655,3
8656,0
8658,4
8660,3
8662,3
8663,4
8664,1
8666,0
8667,2
8668,2
8669,0
8673,4
8674,3
8677,4
8678,3
8679,0
8681,1
8682,1
8684,4
8687,3
8690,0
8692,3
8693,4
8695,1
8696,3
8697,0
8699,0
8700,3
8703,4
8707,3
8711,0
8713,3
8714,3
8715,2
8717,4
8720,0
8721,0
8722,0
8725,0
8727,3
8730,2
8731,3
8733,4
8735,3
8736,4
8738,3
8741,4
8745,3
8751,3
8755,1
8756,4
8760,1
8761,4
8764,3
8765,2
8768,4
8769,2
8770,0
8772,0
8775,2
8777,2
8780,3
8781,1
8783,2
8784,3
8787,2
8788,2
8789,3
8792,4
8793,2
8794,1
8796,3
8798,1
8799,1
8800,1
8801,0
8802,3
8803,3
8804,2
8806,2
8807,2
8808,3
8809,3
8810,1
8812,1
8815,4
8816,3
8818,0
8821,3
8823,2
8824,0
8825,3
8826,2
8827,3
8829,0
8830,1
8832,1
8834,3
8835,4
8837,4
8840,4
8841,2
8845,3
8846,1
8848,0
8850,0
8854,2
8857,3
8858,3
8863,2
8864,4
8865,2
8866,2
8868,1
8871,3
8872,2
8873,4
8876,3
8877,0
8878,0
8879,3
8880,2
8884,3
8885,0
8888,3
8889,2
8891,3
8892,3
8895,3
8896,4
8898,4
8899,4
8900,1
8901,3
8902,1
8904,0
8905,3
8907,3
8908,2
8909,1
8911,4
8912,3
8913,3
8916,4
8917,2
8918,4
8921,3
8923,0
8924,4
8925,1
8926,1
8927,3
8928,4
8929,1
8930,4
8931,1
8934,0
8939,3
8942,1
8945,3
8946,0
8947,4
8948,1
8949,2
8950,1
8951,3
8953,1
8954,3
8956,0
8958,4
8959,3
8960,3
8962,4
8964,3
8965,3
8967,4
8968,3
8970,3
8972,0
8976,1
8983,0
8986,1
8987,4
8988,1
8989,4
8990,3
8991,4
8993,4
8998,2
8999,2
9000,0
9001,0
9005,3
9006,2
9007,0
9010,3
9012,2
9014,2
9015,4
9016,2
9017,1
9018,3
9019,3
9022,1
9026,3
9029,4
9030,3
9032,0
9033,3
9034,1
9035,4
9037,1
9038,2
9039,0
9044,0
9047,1
9049,1
9050,4
9051,1
9054,2
9057,3
9059,3
9060,2
9064,2
9065,2
9066,4
9067,1
9068,1
9071,4
9074,3
9075,4
9076,2
9078,3
9079,4
9080,3
9081,1
9082,3
9083,4
9086,1
9087,3
9089,3
9092,2
9093,3
9094,2
9095,2
9096,3
9097,1
9099,0
9100,4
9103,1
9107,3
9108,3
9109,1
9110,1
9114,1
9117,4
9118,4
9119,3
9120,4
9123,4
9124,4
9125,0
9127,3
9130,3
9131,4
9132,1
9134,3
9137,3
9139,1
9140,1
9141,3
9142,3
9144,3
9149,3
9151,3
9154,1
9155,1
9156,2
9157,2
9158,4
9159,4
9160,3
9162,0
9163,3
9166,4
9168,3
9171,2
9174,0
9176,4
9180,4
9182,3
9184,1
9188,0
9192,1
9200,4
9201,3
9205,3
9207,2
9208,3
9209,1
9210,2
9214,2
9215,4
9217,1
9219,3
9221,1
9224,3
9227,4
9228,3
9229,0
9230,2
9231,1
9234,2
9235,3
9237,2
9238,2
9241,0
9244,2
9249,4
9251,2
9252,3
9255,2
9256,0
9257,1
9259,0
9260,4
9261,3
9262,0
9264,0
9265,3
9267,4
9268,0
9272,3
9274,0
9276,2
9278,1
9280,2
9282,0
9284,4
9286,4
9288,4
9289,4
9290,3
9292,3
9293,1
9295,1
9296,4
9297,0
9298,3
9299,3
9303,4
9304,0
9306,1
9307,4
9309,2
9310,4
9311,2
9312,1
9317,3
9318,3
9320,1
9323,3
9326,1
9328,4
9331,4
9333,2
9334,3
9335,3
9336,3
9337,3
9338,1
9341,0
9343,4
9350,3
9352,3
9354,3
9356,0
9357,2
9360,2
9364,3
9367,4
9369,1
9373,0
9375,0
9376,3
9378,4
9380,3
9382,1
9383,3
9384,3
9387,3
9389,1
9390,1
9393,4
9397,1
9399,2
9400,1
9405,2
9406,0
9408,3
9410,3
9412,2
9415,3
9420,3
9421,3
9422,1
9423,3
9425,1
9426,3
9429,0
9430,0
9431,3
9433,0
9435,1
9436,0
9437,2
9441,3
9443,3
9445,3
9446,3
9448,4
9450,1
9451,2
9452,2
9454,3
9455,0
9457,1
9458,2
9459,4
9463,2
9464,3
9465,4
9469,1
9470,4
9473,3
9474,1
9477,1
9481,3
9482,3
9483,3
9488,3
9489,0
9491,4
9493,3
9501,2
9502,4
9504,1
9505,3
9507,1
9511,1
9514,2
9515,1
9516,0
9517,2
9518,0
9521,4
9527,3
9529,2
9531,4
9535,4
9536,4
9537,3
9539,2
9541,4
9544,0
9547,3
9548,3
9551,1
9552,4
9553,1
9554,1
9555,2
9557,2
9558,2
9562,2
9563,1
9565,1
9569,0
9572,0
9573,2
9575,1
9577,2
9578,0
9579,4
9582,3
9584,1
9586,3
9587,3
9590,3
9591,4
9592,2
9595,4
9597,3
9601,3
9605,3
9607,4
9608,4
9612,1
9613,2
9614,0
9616,0
9617,1
9618,1
9619,1
9620,3
9621,3
9623,0
9625,4
9626,1
9627,4
9628,3
9631,1
9638,2
9639,4
9642,2
9650,3
9651,3
9652,3
9653,0
9655,0
9658,2
9660,3
9661,2
9662,3
9663,4
9664,3
9665,4
9668,3
9669,1
9670,4
9671,0
9673,4
9674,3
9675,3
9677,2
9679,3
9680,0
9681,2
9684,4
9691,3
9693,4
9696,3
9697,1
9698,3
9699,4
9700,1
9701,2
9702,0
9703,0
9704,1
9708,2
9711,2
9713,4
9715,4
9718,2
9721,0
9722,2
9723,4
9724,4
9725,1
9726,3
9728,0
9730,3
9731,1
9737,3
9739,3
9740,2
9741,4
9742,3
9743,1
9744,4
9745,2
9746,3
9747,3
9748,1
9749,4
9750,2
9752,4
9754,1
9756,4
9757,2
9758,1
9761,3
9763,2
9765,3
9768,3
9769,1
9771,3
9774,3
9776,3
9777,3
9778,3
9779,1
9780,0
9781,3
9785,3
9786,3
9789,3
9792,4
9793,0
9794,3
9795,3
9796,4
9799,2
9800,2
9802,2
9805,1
9806,3
9807,2
9808,0
9809,2
9811,3
9815,0
9818,4
9819,3
9821,0
9822,1
9823,3
9825,3
9826,2
9829,1
9833,0
9834,3
9837,1
9838,2
9840,2
9841,3
9842,4
9843,3
9846,2
9850,3
9853,1
9854,3
9856,1
9858,2
9861,3
9862,2
9863,1
9867,2
9868,2
9869,4
9873,3
9875,3
9876,4
9877,4
9878,2
9879,0
9880,3
9881,0
9882,4
9883,3
9885,1
9887,2
9888,3
9889,3
9890,1
9891,3
9895,0
9896,0
9897,1
9898,3
9899,1
9900,4
9901,2
9906,2
9908,0
9909,2
9910,1
9911,4
9913,1
9915,3
9918,2
9919,3
9920,1
9921,1
9923,3
9928,2
9931,3
9933,3
9934,3
9940,4
9942,2
9946,4
9949,4
9950,2
9951,4
9952,3
9962,3
9964,3
9968,0
9971,4
9972,0
9973,3
9974,0
9975,3
9976,0
9978,3
9979,3
9980,3
9981,4
9987,3
9988,0
9989,4
9990,0
9991,1
9993,2
9994,1
9997,4
